level,needBook,needGold
1,5,2000
2,14,2000
3,26,2000
4,40,2400
5,56,3360
6,73,4380
7,93,5580
8,115,6900
9,135,8100
10,160,9600
11,180,10800
12,210,12600
13,235,14100
14,260,15600
15,290,17400
16,320,19200
17,350,21000
18,380,22800
19,415,24900
20,445,26700
21,480,28800
22,515,30900
23,550,33000
24,590,35400
25,625,37500
26,665,39900
27,700,42000
28,740,44400
29,780,46800
30,820,49200
31,865,51900
32,905,54300
33,950,57000
34,990,59400
35,1040,62400
36,1080,64800
37,1130,67800
38,1170,70200
39,1220,73200
